﻿{
    "version": 3,
    "configurePresets": [
        {
            "name": "linux-debug",
            "displayName": "Linux Debug",
            "generator": "Ninja",
            "binaryDir": "${sourceDir}/out/build/${presetName}",
            "installDir": "${sourceDir}/out/install/${presetName}",
            "cacheVariables": {
                "CMAKE_BUILD_TYPE": "Debug"
            },
            "condition": {
                "type": "equals",
                "lhs": "${hostSystemName}",
                "rhs": "Linux"
            },
            "vendor": {
                "microsoft.com/VisualStudioRemoteSettings/CMake/1.0": {
                    "sourceDir": "$env{HOME}/.vs/$ms{projectDirName}"
                }
            }
        }
    ]
}
